"","Site","Org","Location","latitude","longitude","Year","Date","random_sit","occ_status","BUFF_DIST","ORIG_FID","Shape_Leng","Shape_Area","aspect","wetness","elevation","slope","roughness","exposure","heatload","relief","position","radiation","precip","summerWarmth","num_points"
"1","P003","ACCS","Hatcher Pass",61.795912,-149.272744,"2018","2018/07/09","0","occupied",250,"1",0.022640731399,3.33843433656e-05,219,635,1144,17,321,1354,1143,4872,-63,949,1443,37,1
"2","P005","ACCS","Hatcher Pass",61.781319,-149.332478,"2018","2018/07/10","0","occupied",250,"2",0.0226326364495,3.33685928301e-05,130,538,1224,33,1002,1369,1083,4992,71,556,1443,33,1
"3","P008","ACCS","Hatcher Pass",61.7676149,-149.347223,"2018","2018/07/11","0","occupied",250,"3",0.0226250426267,3.33538164133e-05,203,618,1071,18,368,1299,1107,4756,-43,714,1336,31,1
"4","P007","ACCS","Hatcher Pass",61.771669,-149.307037,"2018","2018/07/13","0","occupied",250,"4",0.0226272883876,3.33581860618e-05,130,606,1183,26,672,956,1037,4853,62,502,1425,34,1
"5","P042","ACCS","Steese",65.483216,-145.401455,"2018","2018/07/17","0","occupied",250,"5",0.0250307012572,3.79965282018e-05,272,651,1142,14,151,128,10580,4980,112,711,556,44,1
"6","P037","ACCS","Steese",65.500575,-145.33842,"2018","2018/07/18","0","unoccupied",250,"6",0.0250438275663,3.80216715149e-05,118,643,950,19,236,524,9255,5023,24,482,517,46,1
"7","P051","ACCS","Steese",65.407041,-146.007,"2018","2018/07/19","0","occupied",250,"7",0.0249733385429,3.78866365097e-05,196,576,1222,16,207,1023,10620,5088,207,739,565,43,1
"8","P038","ACCS","Steese",65.494097,-145.441584,"2018","2018/07/20","0","unoccupied",250,"8",0.02503892576,3.80122823489e-05,267,675,1134,15,155,-1370,8652,5106,98,110,571,43,1
"9","P039","ACCS","Steese",65.498644,-145.500423,"2018","2018/07/21","0","unoccupied",250,"9",0.0250423660412,3.8018872631e-05,313,654,1014,20,290,-1288,9546,5102,-54,307,591,43,1
"10","P157","ACCS","Steese",65.394559,-146.010144,"2018","2018/07/22","1","unoccupied",250,"10",0.0249639755557,3.78686933437e-05,110,622,1002,16,191,47,8793,5160,38,396,567,43,1
"11","P060","ACCS","Steese",65.373228,-146.636898,"2018","2018/07/23","0","occupied",250,"11",0.0249479997816,3.78380802258e-05,214,557,1069,17,228,-595,9301,5329,184,441,536,46,1
"12","P153","ACCS","Steese",65.363468,-146.565185,"2018","2018/07/24","1","unoccupied",250,"12",0.0249406999284,3.78240910566e-05,234,614,977,10,74,208,10104,5151,70,693,545,42,1
"13","P118","ACCS","Paxson",63.08574,-146.36537,"2018","2018/07/31","0","occupied",250,"13",0.0233948359378,3.48475502238e-05,185,694,1259,12,114,-1123,11966,4924,49,85,776,40,1
"14","P063","ACCS","Paxson",63.49724,-145.80457,"2018","2018/08/01","0","occupied",250,"14",0.0236525473847,3.53458170109e-05,256,526,1127,30,741,289,10793,4889,-13,627,961,42,1
"15","P250","ACCS","Paxson",63.08475497,-146.412713,"2018","2018/08/02","1","occupied",250,"15",0.0233942289873,3.48463758083e-05,220,608,1298,12,133,175,11287,4971,131,603,760,41,1
"16","P128","ACCS","Paxson",63.074222,-146.231861,"2018","2018/08/03","0","occupied",250,"16",0.0233877469648,3.48338312334e-05,43,654,1215,22,384,-1818,11369,4789,47,24,825,40,1
"17","P135","ACCS","Denali",63.748337,-148.872317,"2018","2018/08/15","0","occupied",250,"17",0.0238141826754,3.5657891219e-05,235,499,897,27,543,759,1202,5088,133,704,424,47,1
"18","P133","ACCS","Denali",63.801632,-148.979144,"2018","2018/08/16","0","occupied",250,"18",0.0238489282852,3.57249316506e-05,87,526,929,25,459,-582,740,5061,88,279,433,52,1
"19","MV","ACCS","Denali",63.43067603,-150.366498,"2018","2018/08/18","0","occupied",250,"19",0.0236102635323,3.52641246319e-05,217,550,1118,19,262,150,987,5036,82,560,879,37,1
"20","P146A","ACCS","Denali",63.43659097,-150.316008,"2018","2018/08/19","0","occupied",250,"20",0.0236140113175,3.52713648577e-05,148,505,1361,29,640,1490,1150,5034,185,648,895,35,1
"21","Polychrome","ACCS","Denali",63.53560698,-149.828615,"2018","2018/08/20","0","occupied",250,"21",0.0236770267661,3.53931014627e-05,188,528,1108,19,313,898,1030,5212,43,593,677,36,1
"22","P138","ACCS","Denali",63.739354,-149.281669,"2018","2018/08/21","0","occupied",250,"22",0.0238083419179,3.56466194738e-05,266,552,945,24,449,347,1203,4913,-87,701,521,43,1
"23","P300","ACCS","Hatcher Pass",61.81248601,-149.2166,"2018","2018/08/27","0","occupied",250,"23",0.0226499361006,3.34022529853e-05,176,558,936,29,738,2654,1435,4856,-126,892,1189,40,1
"24","P301","ACCS","Southcentral",60.76243596,-148.847649,"2018","2018/08/28","1","unoccupied",250,"24",0.022089634823,3.23097786926e-05,147,698,102,19,519,222,917,4524,-325,409,2859,56,1
"25","P302","ACCS","Southcentral",61.04757104,-149.596296,"2018","2018/08/30","1","occupied",250,"25",0.0222372996358,3.25981648579e-05,221,748,984,19,311,1363,1166,4788,-63,900,1015,34,1
"26","P303","ACCS","Southcentral",61.093388,-149.664699,"2018","2018/08/31","1","unoccupied",250,"26",0.0222613304032,3.26450628228e-05,38,622,797,25,543,-2229,554,4897,66,16,766,45,1
"27","P152A","ACCS","Hatcher Pass",61.77111,-149.38722,"2019","2019/07/15","1","occupied",250,"27",0.0226269784951,3.33575828551e-05,290,587,975,24,558,-427,1224,4842,-49,576,1316,32,1
"28","P002","ACCS","Hatcher Pass",61.80948,-149.23418,"2019","2019/07/16","0","occupied",250,"28",0.0226482658927,3.33990033784e-05,73,637,927,20,344,-1440,604,4890,-178,97,1466,41,1
"29","P092","ACCS","Paxson",63.12284192,-146.2469075,"2019","2019/07/24","0","occupied",250,"29",0.0234177152407,3.48918221994e-05,268,643,1218,22,395,454,10477,4906,-92,754,986,38,1
"30","P094","ACCS","Paxson",63.12132999,-146.18567,"2019","2019/07/24","0","occupied",250,"30",0.0234167811892,3.48900151227e-05,242,602,1377,19,307,537,10881,4954,-18,730,1170,36,1
"31","P119","ACCS","Paxson",63.08487073,-146.3910338,"2019","2019/07/25","0","occupied",250,"31",0.023394300564,3.48465138976e-05,67,653,1311,17,205,-1666,12163,4974,107,56,762,41,1
"32","P111","ACCS","Paxson",63.08770004,-146.3077,"2019","2019/07/25","0","occupied",250,"32",0.0233960421321,3.48498838454e-05,289,691,1247,14,156,-1045,12106,4814,47,217,824,40,1
"33","P609","ACCS","Paxson",61.78226799,-147.6702842,"2019","2019/07/26","1","occupied",250,"33",0.0226331623601,3.33696165745e-05,219,482,837,33,1465,1580,1448,4990,216,656,305,47,1
"34","P615","ACCS","Southcentral",61.05958197,-149.115395,"2019","2019/07/29","1","unoccupied",250,"34",0.0222435911055,3.26104444632e-05,224,595,1129,14,186,-192,945,4790,-121,515,1706,16,1
"35","P601","ACCS","Southcentral",62.88168199,-149.688893,"2019","2019/07/30","1","occupied",250,"35",0.0232702375436,3.46063321222e-05,272,560,859,24,554,130,1173,4999,34,534,1077,48,1
"36","P010A","ACCS","Hatcher Pass",61.76157299,-149.323738,"2019","2019/07/31","0","unoccupied",250,"36",0.0226216972306,3.33473076601e-05,231,480,1256,32,932,709,1384,4965,116,708,1412,34,1
"37","P616","ACCS","Southcentral",60.96205727,-149.0798976,"2019","2019/07/31","0","unoccupied",250,"37",0.0221926733444,3.25110465727e-05,280,497,648,31,798,-729,1139,5095,192,521,1798,49,1
"38","P617","ACCS","Southcentral",61.06619303,-149.599522,"2019","2019/08/01","1","occupied",250,"38",0.0222470567404,3.26172075944e-05,126,627,850,21,396,-1448,714,4804,-154,227,891,36,1
"39","P604","ACCS","Thompson Pass",61.14130997,-145.75734,"2019","2019/08/07","1","occupied",250,"39",0.0222865565007,3.26942850301e-05,120,662,831,19,362,847,11963,4756,-155,510,2088,29,1
"40","P605A","ACCS","Thompson Pass",61.15659999,-145.737699,"2019","2019/08/07","1","occupied",250,"40",0.0222946252792,3.27100272479e-05,100,570,870,24,530,492,11992,5121,-108,388,2290,28,1
"41","P100","ACCS","Paxson",63.08387999,-145.63512,"2019","2019/08/08","0","occupied",250,"41",0.0233936902669,3.48453334028e-05,141,636,1113,21,406,-706,11943,4999,29,229,819,41,1
"42","P618","ACCS","Paxson",63.05550196,-145.587427,"2019","2019/08/09","1","occupied",250,"42",0.0233762408494,3.48115634528e-05,109,634,1064,12,107,-765,11675,4810,-68,133,744,42,1
"43","P612","ACCS","Paxson",63.10763698,-146.106103,"2019","2019/08/10","1","occupied",250,"43",0.0234083298781,3.48736620276e-05,110,732,1117,20,413,653,12055,4779,-78,422,1248,39,1
"44","P147","ACCS","Denali",63.35586302,-148.376847,"2019","2019/08/11","0","occupied",250,"44",0.0235630164758,3.51728149564e-05,55,672,1007,24,537,-2237,587,4820,-23,34,522,41,1
"45","P619","ACCS","Denali",63.73997597,-149.247713,"2019","2019/08/12","1","occupied",250,"45",0.0238087454386,3.56473974163e-05,143,536,1233,25,482,1392,1078,5052,116,672,593,41,1
"46","JB01","JBER","JBER",61.14944,-149.547,"2019","2019/08/19","0","occupied",250,"46",0.0222908461287,3.27026547572e-05,153,625,1079,15,247,-1061,721,4840,-64,271,1048,34,1
"47","JB02","JBER","JBER",61.14596,-149.534,"2019","2019/08/20","0","occupied",250,"47",0.0222890101124,3.26990726712e-05,214,606,1120,15,199,313,987,4845,-4,680,1141,33,1
